{"cameraMode":{"drawMode":0,"name":"Shaded","section":"Shading Mode"},"sceneLighting":true,"audioPlay":false,"sceneViewState":{"showFog":true,"showMaterialUpdate":false,"showSkybox":true,"showFlares":true,"showImageEffects":true,"showParticleSystems":true,"showVisualEffectGraphs":true,"m_FxEnabled":true},"in2DMode":false,"pivot":{"x":3.1249186992645265,"y":9.959192276000977,"z":1.3066844940185547},"rotation":{"x":-0.15372741222381593,"y":0.10088927298784256,"z":-0.015498402528464795,"w":-0.9828437566757202},"size":5.986422538757324,"orthographic":false}