{"cameraMode":{"drawMode":31,"name":"Sprite Mask","section":"Miscellaneous"},"sceneLighting":false,"audioPlay":false,"sceneViewState":{"showFog":true,"showMaterialUpdate":false,"showSkybox":false,"showFlares":true,"showImageEffects":true,"showParticleSystems":true,"showVisualEffectGraphs":true,"m_FxEnabled":true},"in2DMode":false,"pivot":{"x":-0.06903566420078278,"y":-0.02951410971581936,"z":0.10428383946418762},"rotation":{"x":-0.034173253923654559,"y":0.22823378443717957,"z":-0.008026438765227795,"w":-0.9729987382888794},"size":0.35647088289260867,"orthographic":false}