{"cameraMode":{"drawMode":0,"name":"Shaded","section":"Shading Mode"},"sceneLighting":true,"audioPlay":false,"sceneViewState":{"showFog":true,"showMaterialUpdate":false,"showSkybox":false,"showFlares":true,"showImageEffects":true,"showParticleSystems":true,"showVisualEffectGraphs":true,"m_FxEnabled":true},"in2DMode":false,"pivot":{"x":0.8347927331924439,"y":-0.008365988731384278,"z":-11.645795822143555},"rotation":{"x":0.03760448843240738,"y":-0.8836146593093872,"z":0.07198639959096909,"w":0.4612952172756195},"size":2.3835935592651369,"orthographic":true}