{"cameraMode":{"drawMode":0,"name":"Shaded","section":"Shading Mode"},"sceneLighting":true,"audioPlay":false,"sceneViewState":{"showFog":true,"showMaterialUpdate":false,"showSkybox":true,"showFlares":true,"showImageEffects":true,"showParticleSystems":true,"showVisualEffectGraphs":true,"m_FxEnabled":true},"in2DMode":false,"pivot":{"x":1.214188575744629,"y":0.9109498858451843,"z":-10.142379760742188},"rotation":{"x":0.041428860276937488,"y":-0.9066261649131775,"z":0.09170690923929215,"w":0.4097784459590912},"size":6.238781929016113,"orthographic":true}