{"cameraMode":{"drawMode":0,"name":"Shaded","section":"Shading Mode"},"sceneLighting":true,"audioPlay":false,"sceneViewState":{"showFog":true,"showMaterialUpdate":false,"showSkybox":true,"showFlares":true,"showImageEffects":true,"showParticleSystems":true,"showVisualEffectGraphs":true,"m_FxEnabled":true},"in2DMode":false,"pivot":{"x":0.02395462989807129,"y":-0.7967404127120972,"z":-12.783822059631348},"rotation":{"x":0.24054720997810365,"y":-0.3549635112285614,"z":0.09504826366901398,"w":0.8984708786010742},"size":5.779644012451172,"orthographic":true}