{"cameraMode":{"drawMode":0,"name":"Shaded","section":"Shading Mode"},"sceneLighting":true,"audioPlay":false,"sceneViewState":{"showFog":true,"showMaterialUpdate":false,"showSkybox":true,"showFlares":true,"showImageEffects":true,"showParticleSystems":true},"in2DMode":false,"pivot":{"x":2.536449432373047,"y":4.4149675369262699,"z":-1.0954546928405762},"rotation":{"x":-0.22683151066303254,"y":0.2609398365020752,"z":-0.06292898207902909,"w":-0.9362307786941528},"size":3.686432361602783,"orthographic":false}