{"cameraMode":{"drawMode":0,"name":"Shaded","section":"Shading Mode"},"sceneLighting":true,"audioPlay":false,"sceneViewState":{"showFog":true,"showMaterialUpdate":false,"showSkybox":true,"showFlares":true,"showImageEffects":true,"showParticleSystems":true},"in2DMode":false,"pivot":{"x":6.328573226928711,"y":-7.213090896606445,"z":11.34255599975586},"rotation":{"x":-0.24351346492767335,"y":-0.10595455020666123,"z":0.027035733684897424,"w":-0.9637334942817688},"size":12.612091064453125,"orthographic":false}