{"cameraMode":{"drawMode":0,"name":"Shaded","section":"Shading Mode"},"sceneLighting":true,"audioPlay":false,"sceneViewState":{"showFog":true,"showMaterialUpdate":false,"showSkybox":true,"showFlares":true,"showImageEffects":true,"showParticleSystems":true},"in2DMode":false,"pivot":{"x":-3.7376556396484377,"y":-1.0529048442840577,"z":-7.494956016540527},"rotation":{"x":-0.19365136325359345,"y":0.5259360074996948,"z":-0.12434262782335282,"w":-0.8188950419425964},"size":8.003143310546875,"orthographic":true}