{"cameraMode":{"drawMode":0,"name":"Shaded","section":"Shading Mode"},"sceneLighting":true,"audioPlay":false,"sceneViewState":{"showFog":true,"showMaterialUpdate":false,"showSkybox":true,"showFlares":true,"showImageEffects":true,"showParticleSystems":true},"in2DMode":false,"pivot":{"x":-56.77738952636719,"y":-23.221755981445314,"z":-43.526023864746097},"rotation":{"x":0.09772201627492905,"y":-0.8357234001159668,"z":0.1580396592617035,"w":0.5167614817619324},"size":40.40085983276367,"orthographic":false}