{"cameraMode":{"drawMode":0,"name":"Shaded","section":"Shading Mode"},"sceneLighting":true,"audioPlay":false,"sceneViewState":{"showFog":true,"showMaterialUpdate":false,"showSkybox":true,"showFlares":true,"showImageEffects":true,"showParticleSystems":true},"in2DMode":false,"pivot":{"x":3.332672595977783,"y":1.696844458580017,"z":-9.977468490600586},"rotation":{"x":0.08393698185682297,"y":-0.8944423198699951,"z":0.18921758234500886,"w":0.3965076506137848},"size":9.11550235748291,"orthographic":true}