{"cameraMode":{"drawMode":0,"name":"Shaded","section":"Shading Mode"},"sceneLighting":true,"audioPlay":false,"sceneViewState":{"showFog":true,"showMaterialUpdate":false,"showSkybox":false,"showFlares":true,"showImageEffects":true,"showParticleSystems":true},"in2DMode":false,"pivot":{"x":0.1249990463256836,"y":-2.4300003051757814,"z":-10.020000457763672},"rotation":{"x":-0.16092298924922944,"y":0.8214890956878662,"z":-0.2816227972507477,"w":-0.46920761466026308},"size":47.67363357543945,"orthographic":true}