{"cameraMode":{"drawMode":0,"name":"Shaded","section":"Shading Mode"},"sceneLighting":false,"audioPlay":false,"sceneViewState":{"showFog":true,"showMaterialUpdate":false,"showSkybox":false,"showFlares":true,"showImageEffects":true,"showParticleSystems":true},"in2DMode":false,"pivot":{"x":3.75,"y":-3.7699999809265138,"z":-13.729999542236329},"rotation":{"x":0.12531350553035737,"y":-0.7443400621414185,"z":0.14585332572460175,"w":0.6395177841186523},"size":2.1650636196136476,"orthographic":true}