{"cameraMode":{"drawMode":0,"name":"Shaded","section":"Shading Mode"},"sceneLighting":true,"audioPlay":false,"sceneViewState":{"showFog":true,"showMaterialUpdate":false,"showSkybox":true,"showFlares":true,"showImageEffects":true,"showParticleSystems":true},"in2DMode":false,"pivot":{"x":1.6066406965255738,"y":1.5741149187088013,"z":-8.307287216186524},"rotation":{"x":-0.06445306539535523,"y":0.9105978012084961,"z":-0.15526439249515534,"w":-0.37780022621154787},"size":8.28967571258545,"orthographic":true}