{"cameraMode":{"drawMode":0,"name":"Shaded","section":"Shading Mode"},"sceneLighting":false,"audioPlay":false,"sceneViewState":{"showFog":true,"showMaterialUpdate":false,"showSkybox":false,"showFlares":true,"showImageEffects":true,"showParticleSystems":true},"in2DMode":false,"pivot":{"x":40.48843002319336,"y":41.92570114135742,"z":13.090558052062989},"rotation":{"x":-0.10854890942573548,"y":0.849243700504303,"z":-0.1919231414794922,"w":-0.47997787594795229},"size":2.1650636196136476,"orthographic":true}