{"cameraMode":{"drawMode":0,"name":"Shaded","section":"Shading Mode"},"sceneLighting":false,"audioPlay":false,"sceneViewState":{"showFog":true,"showMaterialUpdate":false,"showSkybox":false,"showFlares":true,"showImageEffects":true,"showParticleSystems":true},"in2DMode":false,"pivot":{"x":5.360584735870361,"y":3.930000066757202,"z":0.6600000262260437},"rotation":{"x":0.3327183425426483,"y":0.5491736531257629,"z":-0.2528572082519531,"w":0.7237332463264465},"size":0.6062178015708923,"orthographic":false}