{"cameraMode":{"drawMode":0,"name":"Shaded","section":"Shading Mode"},"sceneLighting":true,"audioPlay":false,"sceneViewState":{"showFog":true,"showMaterialUpdate":false,"showSkybox":true,"showFlares":true,"showImageEffects":true,"showParticleSystems":true},"in2DMode":false,"pivot":{"x":-42.1701545715332,"y":-5.900208473205566,"z":-9.318046569824219},"rotation":{"x":-0.09757807105779648,"y":0.6951826810836792,"z":-0.0961165800690651,"w":-0.7056722640991211},"size":32.84503173828125,"orthographic":false}