{"cameraMode":{"drawMode":0,"name":"Shaded","section":"Shading Mode"},"sceneLighting":false,"audioPlay":false,"sceneViewState":{"showFog":true,"showMaterialUpdate":false,"showSkybox":false,"showFlares":true,"showImageEffects":true,"showParticleSystems":true},"in2DMode":false,"pivot":{"x":-4.710480690002441,"y":3.8123457431793215,"z":-6.073470115661621},"rotation":{"x":0.11661390960216522,"y":-0.8576435446739197,"z":0.22301466763019563,"w":0.4484579265117645},"size":1.2016265392303467,"orthographic":true}