{"cameraMode":{"drawMode":0,"name":"Shaded","section":"Shading Mode"},"sceneLighting":true,"audioPlay":false,"sceneViewState":{"showFog":true,"showMaterialUpdate":false,"showSkybox":false,"showFlares":true,"showImageEffects":true,"showParticleSystems":true},"in2DMode":false,"pivot":{"x":0.07499980926513672,"y":0.09000015258789063,"z":-10.020000457763672},"rotation":{"x":-0.19288432598114015,"y":0.7198734283447266,"z":-0.22051078081130982,"w":-0.6294109225273132},"size":48.762630462646487,"orthographic":true}