{"cameraMode":{"drawMode":0,"name":"Shaded","section":"Shading Mode"},"sceneLighting":true,"audioPlay":false,"sceneViewState":{"showFog":true,"showMaterialUpdate":false,"showSkybox":false,"showFlares":true,"showImageEffects":true,"showParticleSystems":true},"in2DMode":false,"pivot":{"x":0.13918974995613099,"y":0.6625609993934631,"z":-0.11015129089355469},"rotation":{"x":0.20508398115634919,"y":0.7941722273826599,"z":-0.38880690932273867,"w":0.41962161660194399},"size":0.5297454595565796,"orthographic":false}