{"cameraMode":{"drawMode":0,"name":"Shaded","section":"Shading Mode"},"sceneLighting":true,"audioPlay":false,"sceneViewState":{"showFog":true,"showMaterialUpdate":false,"showSkybox":true,"showFlares":true,"showImageEffects":true,"showParticleSystems":true},"in2DMode":false,"pivot":{"x":2.4391276836395265,"y":0.16012445092201234,"z":-8.895386695861817},"rotation":{"x":0.0850762352347374,"y":-0.8513429164886475,"z":0.14567017555236817,"w":0.49684157967567446},"size":6.133861541748047,"orthographic":true}