{"cameraMode":{"drawMode":0,"name":"Shaded","section":"Shading Mode"},"sceneLighting":true,"audioPlay":false,"sceneViewState":{"showFog":true,"showMaterialUpdate":false,"showSkybox":false,"showFlares":true,"showImageEffects":true,"showParticleSystems":true},"in2DMode":false,"pivot":{"x":0.007044315338134766,"y":0.8883476257324219,"z":-0.12499004602432251},"rotation":{"x":0.10167431086301804,"y":-0.6881802082061768,"z":0.09830435365438461,"w":0.7116769552230835},"size":0.21250024437904359,"orthographic":true}