{"cameraMode":{"drawMode":0,"name":"Shaded","section":"Shading Mode"},"sceneLighting":false,"audioPlay":false,"sceneViewState":{"showFog":true,"showMaterialUpdate":false,"showSkybox":false,"showFlares":true,"showImageEffects":true,"showParticleSystems":true},"in2DMode":false,"pivot":{"x":-4.943272113800049,"y":3.806469202041626,"z":-6.249880790710449},"rotation":{"x":-0.10678350180387497,"y":0.8335950970649719,"z":-0.17321403324604035,"w":-0.5137012004852295},"size":2.3084893226623537,"orthographic":true}