{"cameraMode":{"drawMode":0,"name":"Shaded","section":"Shading Mode"},"sceneLighting":true,"audioPlay":false,"sceneViewState":{"showFog":true,"showMaterialUpdate":false,"showSkybox":true,"showFlares":true,"showImageEffects":true,"showParticleSystems":true},"in2DMode":false,"pivot":{"x":-1.8838086128234864,"y":1.469146966934204,"z":-10.908896446228028},"rotation":{"x":0.1720457524061203,"y":-0.7551195025444031,"z":0.21873211860656739,"w":0.5936676263809204},"size":4.306473731994629,"orthographic":true}