{"cameraMode":{"drawMode":0,"name":"Shaded","section":"Shading Mode"},"sceneLighting":true,"audioPlay":false,"sceneViewState":{"showFog":true,"showMaterialUpdate":false,"showSkybox":true,"showFlares":true,"showImageEffects":true,"showParticleSystems":true},"in2DMode":false,"pivot":{"x":-63.66986846923828,"y":-25.365140914916993,"z":-33.390140533447269},"rotation":{"x":-0.13825418055057527,"y":0.7235409021377564,"z":-0.15131893754005433,"w":-0.6591812372207642},"size":36.03834533691406,"orthographic":false}