{"cameraMode":{"drawMode":0,"name":"Shaded","section":"Shading Mode"},"sceneLighting":true,"audioPlay":false,"sceneViewState":{"showFog":true,"showMaterialUpdate":false,"showSkybox":false,"showFlares":true,"showImageEffects":true,"showParticleSystems":true},"in2DMode":false,"pivot":{"x":0.07499980926513672,"y":0.09000015258789063,"z":-10.020000457763672},"rotation":{"x":-0.06445306539535523,"y":0.9105978012084961,"z":-0.15526439249515534,"w":-0.37780022621154787},"size":48.762630462646487,"orthographic":true}