{"cameraMode":{"drawMode":0,"name":"Shaded","section":"Shading Mode"},"sceneLighting":false,"audioPlay":false,"sceneViewState":{"showFog":true,"showMaterialUpdate":false,"showSkybox":false,"showFlares":true,"showImageEffects":true,"showParticleSystems":true},"in2DMode":false,"pivot":{"x":3.75,"y":-3.7699999809265138,"z":-13.729999542236329},"rotation":{"x":0.27200525999069216,"y":-0.625685453414917,"z":0.24736985564231873,"w":0.6879980564117432},"size":2.1650636196136476,"orthographic":true}