{"cameraMode":{"drawMode":31,"name":"Sprite Mask","section":"Miscellaneous"},"sceneLighting":true,"audioPlay":false,"sceneViewState":{"showFog":true,"showMaterialUpdate":false,"showSkybox":false,"showFlares":true,"showImageEffects":true,"showParticleSystems":true,"showVisualEffectGraphs":true,"m_FxEnabled":true},"in2DMode":false,"pivot":{"x":0.20836356282234193,"y":0.6000193357467651,"z":0.5421675443649292},"rotation":{"x":-0.24497003853321076,"y":-0.048842184245586398,"z":0.012357722967863083,"w":-0.9682212471961975},"size":0.6248713731765747,"orthographic":false}