{"cameraMode":{"drawMode":31,"name":"Sprite Mask","section":"Miscellaneous"},"sceneLighting":true,"audioPlay":false,"sceneViewState":{"showFog":true,"showMaterialUpdate":false,"showSkybox":false,"showFlares":true,"showImageEffects":true,"showParticleSystems":true,"showVisualEffectGraphs":true,"m_FxEnabled":true},"in2DMode":false,"pivot":{"x":0.07499980926513672,"y":0.09000015258789063,"z":-10.020000457763672},"rotation":{"x":-0.19268178939819337,"y":0.24634504318237306,"z":-0.05003989115357399,"w":-0.948531985282898},"size":48.762630462646487,"orthographic":false}